<?xml version="1.0" encoding="utf-8" ?>
<app>
  <id>tou-tv</id>
  <name>tou.tv</name>
  <version>2.1</version>
  <description>Webtélé avec toutes les vidéos sur demande offertes sur le site http://tou.tv. (Contenu Canadien français).</description>
  <thumb>http://tou-tv-for-boxee.googlecode.com/files/tou-tv-for-boxee-2.0.png</thumb>
  <media>video</media>
  <copyright>GPL</copyright>
  <email>alexandre.bressani.normand@gmail.com</email>
  <type>skin</type>
  <platform>all</platform>
  <minversion>0.9.11</minversion>
  <maxversion>0.9.29</maxversion>
  <startWindow>14000</startWindow>
  <country-allow>ca</country-allow>
  <repository>http://dir.boxee.tv/apps</repository>
</app>
