<?xml version="1.0" encoding="utf-8" ?>
<app>
  <id>com.googlecode.tou-tv-for-boxee.tou-tv</id>
  <name>tou.tv</name>
  <version>1.7</version>
  <description>tou.tv videos</description>
  <thumb>http://tou-tv-for-boxee.googlecode.com/files/tou-tv-for-boxee.png</thumb>
  <media>video</media>
  <copyright>GPL</copyright>
  <email>alexandre.bressani.normand@gmail.com</email>
  <type>skin</type>
  <platform>all</platform>
  <minversion>0.9.11</minversion>
  <startWindow>14000</startWindow>
  <country-allow>ca</country-allow>
</app>